Training Accuracy,Testing Accuracy
94.145,93.68
94.73833333333333,94.38
94.88333333333334,94.66
